,mean_fit_time,std_fit_time,mean_score_time,std_score_time,param_clf__C,param_clf__gamma,param_clf__kernel,params,split0_test_score,split1_test_score,split2_test_score,split3_test_score,mean_test_score,std_test_score,rank_test_score,split0_train_score,split1_train_score,split2_train_score,split3_train_score,mean_train_score,std_train_score
0,3.8191956281661987,0.9007552130836153,1.8377953171730042,0.6384147545321583,0.01,0.0001,rbf,"{'clf__C': 0.01, 'clf__gamma': 0.0001, 'clf__kernel': 'rbf'}",0.48217821782178216,0.33664852692812913,0.6982823002240478,0.3233082706766917,0.46010432891266273,0.15097226498774755,44,0.5679103688827819,0.5367107195301027,0.5250781121526065,0.5993649607769892,0.5572660403356201,0.02891454982651998
1,3.835191786289215,0.8778797999371274,1.9087963104248047,0.6189335691610246,0.01,0.0003,rbf,"{'clf__C': 0.01, 'clf__gamma': 0.0003, 'clf__kernel': 'rbf'}",0.48217821782178216,0.33664852692812913,0.6982823002240478,0.3233082706766917,0.46010432891266273,0.15097226498774755,44,0.5679103688827819,0.5367107195301027,0.5250781121526065,0.5993649607769892,0.5572660403356201,0.02891454982651998
2,3.8029537200927734,0.9993647593821424,1.9938702583312988,0.5536696097268691,0.01,0.001,rbf,"{'clf__C': 0.01, 'clf__gamma': 0.001, 'clf__kernel': 'rbf'}",0.48217821782178216,0.33683617939575905,0.34428678117998507,0.3233082706766917,0.37165236226855447,0.06425371109080465,57,0.5679103688827819,0.6125795398923152,0.7058871896069725,0.5993649607769892,0.6214355147897647,0.05138716831469288
3,3.4249019622802734,0.8783110599471871,1.9713613390922546,0.7141515431027893,0.01,0.003,rbf,"{'clf__C': 0.01, 'clf__gamma': 0.003, 'clf__kernel': 'rbf'}",0.6381188118811881,0.3385250516044286,0.6945481702763256,0.45291800930898674,0.5310275107677322,0.14262349373643826,36,0.7615474051368777,0.679637787567303,0.7459299457326097,0.7250653716847217,0.7280451275303781,0.030799427081320413
4,2.884478211402893,0.5397720399109255,1.734155297279358,0.6304122640996909,0.01,0.01,rbf,"{'clf__C': 0.01, 'clf__gamma': 0.01, 'clf__kernel': 'rbf'}",0.6413366336633664,0.3471570651154063,0.6796116504854369,0.5964912280701754,0.5661491443335963,0.1298124335914653,34,0.7706373533453124,0.6895496818404308,0.7583456668311133,0.7806313036981696,0.7497910014287565,0.03566473579807769
5,2.9569761753082275,0.6809287079142278,1.6826220154762268,0.627100443327461,0.01,0.03,rbf,"{'clf__C': 0.01, 'clf__gamma': 0.03, 'clf__kernel': 'rbf'}",0.679950495049505,0.6956276975042222,0.6699029126213593,0.5878983172216254,0.658344855599178,0.04169267743885616,18,0.7689462001902547,0.715369554576603,0.7683769116921559,0.7810048561822936,0.7584243806603269,0.025364135526653286
6,3.313698470592499,0.936177307056316,2.0859130024909973,0.7609218915267771,0.01,0.1,rbf,"{'clf__C': 0.01, 'clf__gamma': 0.1, 'clf__kernel': 'rbf'}",0.5836633663366336,0.33908800900731845,0.6684092606422704,0.44289294665234513,0.5085133956596418,0.1267134668272321,41,0.7212768206320684,0.6524718551150269,0.7343364578194376,0.7160067239447142,0.7060229643778118,0.031629617448915466
7,3.245638072490692,0.9501242303069903,2.224598467350006,0.6849616246941145,0.01,0.3,rbf,"{'clf__C': 0.01, 'clf__gamma': 0.3, 'clf__kernel': 'rbf'}",0.48217821782178216,0.33664852692812913,0.6982823002240478,0.3233082706766917,0.46010432891266273,0.15097226498774755,44,0.5679103688827819,0.5367107195301027,0.5250781121526065,0.5993649607769892,0.5572660403356201,0.02891454982651998
8,3.3781449794769287,0.9536682234539808,2.3831329941749573,0.8898463153970725,0.01,1.0,rbf,"{'clf__C': 0.01, 'clf__gamma': 1, 'clf__kernel': 'rbf'}",0.48217821782178216,0.33664852692812913,0.6982823002240478,0.3233082706766917,0.46010432891266273,0.15097226498774755,44,0.5679103688827819,0.5367107195301027,0.5250781121526065,0.5993649607769892,0.5572660403356201,0.02891454982651998
9,3.960440456867218,0.8233883364262642,2.4122027158737183,0.8095305222491631,0.01,3.0,rbf,"{'clf__C': 0.01, 'clf__gamma': 3, 'clf__kernel': 'rbf'}",0.48217821782178216,0.33664852692812913,0.6982823002240478,0.3233082706766917,0.46010432891266273,0.15097226498774755,44,0.5679103688827819,0.5367107195301027,0.5250781121526065,0.5993649607769892,0.5572660403356201,0.02891454982651998
10,4.6417489647865295,1.0820264887749813,2.5914570689201355,0.7881091263830515,0.01,10.0,rbf,"{'clf__C': 0.01, 'clf__gamma': 10, 'clf__kernel': 'rbf'}",0.48217821782178216,0.33664852692812913,0.6982823002240478,0.3233082706766917,0.46010432891266273,0.15097226498774755,44,0.5679103688827819,0.5367107195301027,0.5250781121526065,0.5993649607769892,0.5572660403356201,0.02891454982651998
11,3.824660360813141,1.0730565270515504,2.2803868651390076,0.7348286218363248,0.1,0.0001,rbf,"{'clf__C': 0.1, 'clf__gamma': 0.0001, 'clf__kernel': 'rbf'}",0.48217821782178216,0.33683617939575905,0.34204630321135177,0.3233082706766917,0.3710922427763962,0.06449912077882126,58,0.5678046718105908,0.6175966715614293,0.7038316066436442,0.5993649607769892,0.6221494776981633,0.05041128437927875
12,3.7934730648994446,1.0398596069734092,2.167856991291046,0.7404567054863946,0.1,0.0003,rbf,"{'clf__C': 0.1, 'clf__gamma': 0.0003, 'clf__kernel': 'rbf'}",0.622029702970297,0.3396509664102083,0.5197908887229276,0.4557823129251701,0.48431346775715073,0.10242762680505947,42,0.737554169749498,0.6820851688693098,0.7379542838348956,0.7257190885319388,0.7208281777464105,0.022901987159439304
13,3.1773306727409363,0.909688925722766,1.9566311240196228,0.5670631851864635,0.1,0.001,rbf,"{'clf__C': 0.1, 'clf__gamma': 0.001, 'clf__kernel': 'rbf'}",0.6398514851485149,0.3475323700506662,0.7057505601194921,0.5875402792696026,0.5701686736470689,0.13519138149225857,33,0.7677835323961526,0.6921194322075379,0.7511922381187305,0.7785767650354875,0.7474179919394771,0.033383379178827895
14,3.2954596281051636,1.2349751054266496,1.8720987439155579,0.7330212792938574,0.1,0.003,rbf,"{'clf__C': 0.1, 'clf__gamma': 0.003, 'clf__kernel': 'rbf'}",0.6304455445544555,0.38919121786451494,0.6945481702763256,0.623344074471894,0.5843822517917975,0.11605593466927369,28,0.7759222069548674,0.7036221243269701,0.7632790659431015,0.7922114307060142,0.7587587069827382,0.03344453186952237
15,3.1636154651641846,0.8982189738693566,1.767864167690277,0.6635749972339279,0.1,0.01,rbf,"{'clf__C': 0.1, 'clf__gamma': 0.01, 'clf__kernel': 'rbf'}",0.6712871287128713,0.6933758678926628,0.707244212098581,0.6283566058002148,0.6750659536260826,0.029861078224065526,11,0.7838494873691999,0.7384973078805678,0.7797237296497287,0.8026709002614867,0.7761853562902458,0.023415443747713052
16,2.988971531391144,0.6769653273503338,1.6038777828216553,0.5941686460374669,0.1,0.03,rbf,"{'clf__C': 0.1, 'clf__gamma': 0.03, 'clf__kernel': 'rbf'}",0.6888613861386138,0.6727340964533683,0.7266616878267363,0.6254923021840315,0.6784373681506876,0.03629721916861318,8,0.7947362858048832,0.754650024473813,0.7849860220358493,0.8088345162495331,0.7858017121410197,0.01988359667237685
17,3.3980693221092224,1.184406929294843,2.0043839812278748,0.853889902964964,0.1,0.1,rbf,"{'clf__C': 0.1, 'clf__gamma': 0.1, 'clf__kernel': 'rbf'}",0.6935643564356435,0.7885156689810471,0.6982823002240478,0.573218761188686,0.6883952717073561,0.07650848857368235,4,0.7978015008984252,0.7715369554576603,0.7966617332675546,0.8106088905491221,0.7941522700431906,0.014158805597471626
18,4.015021443367004,1.214530110547152,2.743840456008911,0.8303531634669159,0.1,0.3,rbf,"{'clf__C': 0.1, 'clf__gamma': 0.3, 'clf__kernel': 'rbf'}",0.4952970297029703,0.33664852692812913,0.6766243465272591,0.3526673827425707,0.4653093214752323,0.13674347230529438,43,0.7128210548567805,0.6112334801762115,0.8780628186153593,0.690791931266343,0.7232273212286736,0.09705281627350872
19,4.617287814617157,1.120819846205327,2.915498197078705,1.0024877305971018,0.1,1.0,rbf,"{'clf__C': 0.1, 'clf__gamma': 1, 'clf__kernel': 'rbf'}",0.48217821782178216,0.33664852692812913,0.6982823002240478,0.3233082706766917,0.46010432891266273,0.15097226498774755,44,0.5679103688827819,0.5398923152227117,0.536918270021378,0.5993649607769892,0.5610214787259652,0.02522442092295673
20,4.54513680934906,0.9131886371027211,2.8498289585113525,0.985279877083628,0.1,3.0,rbf,"{'clf__C': 0.1, 'clf__gamma': 3, 'clf__kernel': 'rbf'}",0.48217821782178216,0.33664852692812913,0.6982823002240478,0.3233082706766917,0.46010432891266273,0.15097226498774755,44,0.5679103688827819,0.5379344101811062,0.5250781121526065,0.5993649607769892,0.557571962998371,0.02870113727272869
21,5.743619620800018,1.2179352253157423,2.8518643379211426,1.0148286980177978,0.1,10.0,rbf,"{'clf__C': 0.1, 'clf__gamma': 10, 'clf__kernel': 'rbf'}",0.48217821782178216,0.33664852692812913,0.6982823002240478,0.3233082706766917,0.46010432891266273,0.15097226498774755,44,0.5679103688827819,0.5379344101811062,0.5250781121526065,0.5993649607769892,0.557571962998371,0.02870113727272869
22,3.4418712854385376,1.0080342929127428,2.113397002220154,0.7121455710657315,1.0,0.0001,rbf,"{'clf__C': 1, 'clf__gamma': 0.0001, 'clf__kernel': 'rbf'}",0.6797029702970298,0.3473447175830362,0.6101568334578044,0.581453634085213,0.5546645388557708,0.1249131378331159,35,0.7594334636930558,0.6913852178169358,0.7502055582963328,0.7735338064998132,0.7436395115765344,0.031291939769930915
23,3.531854510307312,1.0465804526133506,1.991294801235199,0.7606197021706015,1.0,0.0003,rbf,"{'clf__C': 1, 'clf__gamma': 0.0003, 'clf__kernel': 'rbf'}",0.6418316831683168,0.3606680427847626,0.6923076923076923,0.6183315431435732,0.5782847403510862,0.12845254083501811,31,0.7686291089736814,0.6976260401370533,0.756290083867785,0.7861412028389989,0.7521716089543797,0.033230120105069254
24,3.4437513947486877,1.0850308946120792,1.8052688837051392,0.7226014636996025,1.0,0.001,rbf,"{'clf__C': 1, 'clf__gamma': 0.001, 'clf__kernel': 'rbf'}",0.6465346534653466,0.4636892475136048,0.7012696041822255,0.631578947368421,0.6107681131323994,0.08879055245765269,26,0.7774019659655428,0.7263827704356338,0.7695280381516199,0.7959469555472544,0.7673149325250127,0.025504316868925618
25,3.239743411540985,1.0028849082030113,1.6802549362182617,0.6885416411532799,1.0,0.003,rbf,"{'clf__C': 1, 'clf__gamma': 0.003, 'clf__kernel': 'rbf'}",0.6747524752475248,0.6950647401013323,0.7079910380881255,0.6279985678481919,0.6764517053212936,0.030379962512035723,9,0.7857520346686396,0.7430249632892805,0.7805459628350601,0.8047254389241688,0.7785120999292873,0.022377607454309376
26,2.775800049304962,0.7268895169501738,1.4495074152946472,0.6255632985346387,1.0,0.01,rbf,"{'clf__C': 1, 'clf__gamma': 0.01, 'clf__kernel': 'rbf'}",0.68490099009901,0.6757365359354476,0.7475728155339806,0.6383816684568564,0.6866480025063236,0.03925424817809014,5,0.7985413804037628,0.7641948115516397,0.7876171682289097,0.8142510272693313,0.7911510968634108,0.018216428333845524
27,2.454319953918457,0.6885615013783638,1.4208059906959534,0.5208736061346858,1.0,0.03,rbf,"{'clf__C': 1, 'clf__gamma': 0.03, 'clf__kernel': 'rbf'}",0.6730198019801981,0.707637455432539,0.7348767737117252,0.6595059076262084,0.6937599846876676,0.029524022032893945,2,0.8169326709650143,0.7911160058737151,0.8146686400263115,0.8406798655211057,0.8158492955965366,0.017541810575425733
28,3.1290042996406555,0.985429411192939,1.655023455619812,0.625261466769312,1.0,0.1,rbf,"{'clf__C': 1, 'clf__gamma': 0.1, 'clf__kernel': 'rbf'}",0.6727722772277228,0.7303434040157628,0.666168782673637,0.6272824919441461,0.6741417389653171,0.036809848014197885,13,0.8691470246274178,0.8511992168379834,0.8667160006577865,0.8901755696675383,0.8693094529476815,0.013875588786200085
29,7.999685227870941,4.312840714953959,2.70206880569458,1.1020729536267904,1.0,0.3,rbf,"{'clf__C': 1, 'clf__gamma': 0.3, 'clf__kernel': 'rbf'}",0.6720297029702971,0.4458622630887596,0.38312173263629573,0.5349087003222341,0.5089805997543966,0.10849153805050157,40,0.9468343726878765,0.942486539402839,0.9466370662719947,0.9506910720956294,0.946662262614585,0.0029025086954510616
30,11.663659155368805,4.865387702874411,2.8944700956344604,1.1087704785307693,1.0,1.0,rbf,"{'clf__C': 1, 'clf__gamma': 1, 'clf__kernel': 'rbf'}",0.5190594059405941,0.33608556952523927,0.3032113517550411,0.3573218761188686,0.3789195508349357,0.08317469552835217,56,0.9839340450269528,0.9919236417033774,0.9857753658937675,0.9830967500933881,0.9861824506793715,0.0034533993571900607
31,10.841398656368256,4.345857276856286,2.9437785744667053,0.859101094218415,1.0,3.0,rbf,"{'clf__C': 1, 'clf__gamma': 3, 'clf__kernel': 'rbf'}",0.5178217821782178,0.33683617939575905,0.3039581777445855,0.32438238453276047,0.3707496309628307,0.08571954214883808,62,0.9865764718317303,0.9969407733724914,0.9888998519980267,0.9873926036608144,0.9899524252157658,0.0041199110422036785
32,12.901606917381287,6.668847332254157,3.3961360454559326,1.217251668106746,1.0,10.0,rbf,"{'clf__C': 1, 'clf__gamma': 10, 'clf__kernel': 'rbf'}",0.5178217821782178,0.33683617939575905,0.3039581777445855,0.3233082706766917,0.3704811024988135,0.08586593084421514,63,0.9872106542648769,0.9971855115026921,0.9892287452721592,0.9880463205080314,0.9904178078869399,0.003972576899078495
33,4.37842470407486,1.289281836933981,2.082478642463684,0.7823358144182898,10.0,0.0001,rbf,"{'clf__C': 10, 'clf__gamma': 0.0001, 'clf__kernel': 'rbf'}",0.6564356435643565,0.38731469318821543,0.7012696041822255,0.6376655925528106,0.595671383371902,0.12249418711113683,27,0.7738082655110453,0.7158590308370044,0.763032395987502,0.7916511019798281,0.761087698578845,0.028041704139731165
34,3.8091549277305603,1.108771917450533,1.9847149848937988,0.8378818110336012,10.0,0.0003,rbf,"{'clf__C': 10, 'clf__gamma': 0.0003, 'clf__kernel': 'rbf'}",0.6581683168316832,0.47138299868643274,0.7064973861090366,0.6405298961689939,0.6191446494490366,0.08866253638282898,23,0.7801500898425113,0.7318893783651493,0.7716658444334813,0.7984684348150916,0.7705434368640585,0.02432842642467144
35,3.335669755935669,1.0621880102356018,1.7151632905006409,0.6815082775356788,10.0,0.001,rbf,"{'clf__C': 10, 'clf__gamma': 0.001, 'clf__kernel': 'rbf'}",0.6811881188118812,0.6742353161944079,0.7109783420463032,0.6330110991765127,0.6748532190572762,0.027822204558308045,12,0.7896628263397104,0.7459618208516887,0.7803815161979938,0.8068733657078819,0.7807198822743187,0.02220483207393898
36,3.843511462211609,1.2818541272137594,1.659180462360382,0.6516240155747365,10.0,0.003,rbf,"{'clf__C': 10, 'clf__gamma': 0.003, 'clf__kernel': 'rbf'}",0.6831683168316832,0.6866203790579846,0.7453323375653472,0.6416040100250626,0.6891812608700194,0.036943374993603055,3,0.7986470774759539,0.7654185022026432,0.7886860713698405,0.8148113559955174,0.7918907517609887,0.01790287692475239
37,4.216165721416473,1.0333533144186131,1.6292499899864197,0.5894995455288405,10.0,0.01,rbf,"{'clf__C': 10, 'clf__gamma': 0.01, 'clf__kernel': 'rbf'}",0.6700495049504951,0.70388440607994,0.7423450336071695,0.6706050841389187,0.6967210071941309,0.02969122992860387,1,0.8224289187189515,0.798213411649535,0.816806446308173,0.844882330967501,0.8205827769110402,0.01664726510528506
38,4.881131231784821,1.517228109975517,1.6884403228759766,0.6979913433663769,10.0,0.03,rbf,"{'clf__C': 10, 'clf__gamma': 0.03, 'clf__kernel': 'rbf'}",0.6368811881188119,0.6438356164383562,0.6915608663181478,0.6552094522019334,0.6568717807693123,0.02106929856130887,19,0.8765458196807948,0.8576847772883015,0.8728005262292386,0.8958722450504296,0.8757258420621912,0.013606867820679006
39,7.656186878681183,5.265154949461275,1.9755598306655884,0.6090922520762695,10.0,0.1,rbf,"{'clf__C': 10, 'clf__gamma': 0.1, 'clf__kernel': 'rbf'}",0.6022277227722772,0.6489022330643648,0.6318147871545929,0.5972073039742213,0.6200380117413641,0.021273712193854724,22,0.9611034774336751,0.964635340186001,0.9658773228087486,0.9678744863653344,0.9648726566984397,0.00246390781073784
40,11.806480348110199,6.168341849504567,3.0046287775039673,1.1058623420813942,10.0,0.3,rbf,"{'clf__C': 10, 'clf__gamma': 0.3, 'clf__kernel': 'rbf'}",0.6497524752475248,0.4725089134922124,0.40403286034353997,0.5173648406731114,0.5109147724390971,0.08974444862496388,39,0.9857308952542014,0.9951052373959863,0.987913172175629,0.9858050056032872,0.988638577607276,0.0038349592185366317
41,14.357500553131104,5.230887112307031,3.3594219088554382,1.264214628789841,10.0,1.0,rbf,"{'clf__C': 10, 'clf__gamma': 1, 'clf__kernel': 'rbf'}",0.5170792079207921,0.33495965471945954,0.30246452576549665,0.3651987110633727,0.37992552486728026,0.08223464549682714,54,0.987316351337068,0.9970631424375918,0.9893931919092255,0.9878595442659693,0.9904080574874636,0.003917067602041102
42,15.614370167255402,7.040584559649137,3.361189365386963,1.0974803443881032,10.0,3.0,rbf,"{'clf__C': 10, 'clf__gamma': 3, 'clf__kernel': 'rbf'}",0.5178217821782178,0.33683617939575905,0.3039581777445855,0.3250984604368063,0.37092864993884217,0.08562321423326141,59,0.9876334425536413,0.9973078805677925,0.9900509784574906,0.9885132611131864,0.9908763906730277,0.0038126913530224173
43,22.633763313293457,7.7661930954418095,3.5299009680747986,1.2415969033433905,10.0,10.0,rbf,"{'clf__C': 10, 'clf__gamma': 10, 'clf__kernel': 'rbf'}",0.5178217821782178,0.33683617939575905,0.3039581777445855,0.3233082706766917,0.3704811024988135,0.08586593084421514,63,0.9889018074199345,0.9979197258932941,0.9911198815984213,0.9895405304445275,0.9918704863390444,0.0035846358133186625
44,4.192407131195068,0.9796152873471847,1.9756265878677368,0.7901345413012014,100.0,0.0001,rbf,"{'clf__C': 100, 'clf__gamma': 0.0001, 'clf__kernel': 'rbf'}",0.6670792079207921,0.4685682116719835,0.7132188200149365,0.6423200859291085,0.6227965813842051,0.09260762590869119,21,0.7858577317408307,0.7386196769456681,0.7747081072192074,0.7994957041464326,0.7746703050130347,0.022589312583502337
45,4.579985857009888,1.2966582944581504,1.866297423839569,0.7590419680964827,100.0,0.0003,rbf,"{'clf__C': 100, 'clf__gamma': 0.0003, 'clf__kernel': 'rbf'}",0.6826732673267327,0.6164383561643836,0.7184466019417476,0.6305048335123523,0.6620157647363041,0.04086994849431922,16,0.7896628263397104,0.7484092021536956,0.7805459628350601,0.80762047067613,0.781559615501149,0.021475611721089576
46,5.039181411266327,1.324819689233444,1.7631207704544067,0.735716845351051,100.0,0.001,rbf,"{'clf__C': 100, 'clf__gamma': 0.001, 'clf__kernel': 'rbf'}",0.678960396039604,0.6541565021580034,0.7505601194921583,0.6437522377372001,0.6818573138567415,0.04167673040757304,6,0.8000211394144382,0.7662750856583456,0.7898371978293044,0.8148113559955174,0.7927361947244014,0.017670438876030762
47,6.086600482463837,1.989712883154783,1.7207345366477966,0.5592936944992932,100.0,0.003,rbf,"{'clf__C': 100, 'clf__gamma': 0.003, 'clf__kernel': 'rbf'}",0.6660891089108911,0.6273221992869206,0.7438386855862584,0.6684568564267812,0.6764267125527128,0.04220785468093973,10,0.8174611563259697,0.78928046989721,0.8103108041440552,0.8390922674635787,0.8140361744577035,0.017792284773022193
48,8.386441469192505,3.002811988490071,1.781965970993042,0.7845016499807577,100.0,0.01,rbf,"{'clf__C': 100, 'clf__gamma': 0.01, 'clf__kernel': 'rbf'}",0.6351485148514852,0.6301369863013698,0.6960418222554144,0.6552094522019334,0.6541341939025507,0.025950565871751152,20,0.8638621710178628,0.8438570729319628,0.8606314750863345,0.885506163615988,0.863464220663037,0.014819499850505657
49,9.769764244556427,3.6066888842448788,1.604974091053009,0.5637997858336735,100.0,0.03,rbf,"{'clf__C': 100, 'clf__gamma': 0.03, 'clf__kernel': 'rbf'}",0.5400990099009901,0.6155000938262338,0.6691560866318148,0.6251342642320086,0.6124723636477618,0.04642315602241834,24,0.9448261283162457,0.9432207537934411,0.9470481828646604,0.9528389988793425,0.9469835159634225,0.0036436095631523723
50,9.709091365337372,5.226127386860173,1.9898165464401245,0.6961377523893582,100.0,0.1,rbf,"{'clf__C': 100, 'clf__gamma': 0.1, 'clf__kernel': 'rbf'}",0.6007425742574257,0.5586413961343591,0.5877520537714712,0.5800214822771214,0.5817893766100943,0.0152785116296319,30,0.9858365923263925,0.9954723445912873,0.9884065120868278,0.9866454986925663,0.9890902369242685,0.0038000567797595833
51,11.385896384716034,5.7837816500654675,2.776405394077301,0.9435870308768328,100.0,0.3,rbf,"{'clf__C': 100, 'clf__gamma': 0.3, 'clf__kernel': 'rbf'}",0.649009900990099,0.4884593732407581,0.40403286034353997,0.5127103472968134,0.5135531204678027,0.08799663798075509,38,0.9872106542648769,0.9974302496328928,0.9893931919092255,0.9877661561449383,0.9904500629879834,0.004109048152929394
52,14.010091006755829,5.868969879834838,3.6271557211875916,1.1156258280253628,100.0,1.0,rbf,"{'clf__C': 100, 'clf__gamma': 1, 'clf__kernel': 'rbf'}",0.5168316831683168,0.33495965471945954,0.30246452576549665,0.36555674901539564,0.37995315316716716,0.08211560556151243,53,0.9885847162033612,0.9975526186979932,0.9906265416872225,0.9889802017183414,0.9914360195767296,0.003613482099872756
53,16.31397396326065,7.727709439793925,3.5518675446510315,1.5056821287643112,100.0,3.0,rbf,"{'clf__C': 100, 'clf__gamma': 3, 'clf__kernel': 'rbf'}",0.5178217821782178,0.33683617939575905,0.3039581777445855,0.3250984604368063,0.37092864993884217,0.08562321423326141,59,0.9899587781418455,0.9981644640234949,0.9917776681466864,0.9904744116548375,0.9925938304917161,0.0032838055671543997
54,21.369665026664734,6.877373161983101,3.1756114959716797,1.203370410881233,100.0,10.0,rbf,"{'clf__C': 100, 'clf__gamma': 10, 'clf__kernel': 'rbf'}",0.5178217821782178,0.33683617939575905,0.3039581777445855,0.3233082706766917,0.3704811024988135,0.08586593084421514,63,0.9918613254412852,0.9987763093489965,0.9931754645617498,0.9920620097123646,0.993968777266099,0.002820408900889023
55,4.73856508731842,1.130878388895159,1.7746495604515076,0.7627047552667489,1000.0,0.0001,rbf,"{'clf__C': 1000, 'clf__gamma': 0.0001, 'clf__kernel': 'rbf'}",0.682920792079208,0.5941077125164196,0.7236743838685586,0.635875402792696,0.6591445728142206,0.0487356455485398,17,0.7912482824225769,0.7531815956926089,0.7820259825686565,0.8093948449757191,0.7839626764148904,0.0203168708595301
56,5.684458553791046,1.9523306202108333,1.589546024799347,0.6187980524946878,1000.0,0.0003,rbf,"{'clf__C': 1000, 'clf__gamma': 0.0003, 'clf__kernel': 'rbf'}",0.6794554455445545,0.6368924751360481,0.7505601194921583,0.6480486931614751,0.678739183333559,0.04430522846183874,7,0.7993869569812916,0.767498776309349,0.7891794112810393,0.8151849084796414,0.7928125132628303,0.017304133079300336
57,8.736608564853668,3.0079136826545825,1.4625868201255798,0.5037496689465493,1000.0,0.001,rbf,"{'clf__C': 1000, 'clf__gamma': 0.001, 'clf__kernel': 'rbf'}",0.6655940594059406,0.5991743291424282,0.7423450336071695,0.6702470461868958,0.6693401170856086,0.05066510412143056,15,0.81555860902653,0.7865883504650024,0.8071863180397961,0.8352633545013074,0.8111491580081589,0.01746335519438071
58,14.968928039073944,5.8578022221739445,1.5805879831314087,0.6831471770768676,1000.0,0.003,rbf,"{'clf__C': 1000, 'clf__gamma': 0.003, 'clf__kernel': 'rbf'}",0.6636138613861386,0.6340776881215988,0.7326362957430919,0.6534192624418188,0.670936776923162,0.03716823729832653,14,0.8483247014057711,0.8257464512971121,0.8414734418681138,0.8696301830407173,0.8462936944029286,0.015764998613512046
59,24.572819232940674,9.217323456666623,1.4430471658706665,0.4925490342600775,1000.0,0.01,rbf,"{'clf__C': 1000, 'clf__gamma': 0.01, 'clf__kernel': 'rbf'}",0.5554455445544555,0.5715894164008257,0.6818521284540702,0.6351593268886502,0.6110116040745004,0.050604318647337374,25,0.9224183490117324,0.9134850709740577,0.9199144877487255,0.9336944340679866,0.9223780854506255,0.007300965472135409
60,16.613060772418976,7.503002057997342,1.3744527697563171,0.4908103447030849,1000.0,0.03,rbf,"{'clf__C': 1000, 'clf__gamma': 0.03, 'clf__kernel': 'rbf'}",0.5108910891089109,0.5672734096453368,0.6310679611650486,0.5989974937343359,0.5770574884134081,0.04436275350617912,32,0.9824542860162774,0.9895986294664709,0.9843775694787041,0.9841240194247292,0.9851386260965453,0.002678896489243956
61,9.053551137447357,3.522803144322175,1.7581952810287476,0.6612203830735708,1000.0,0.1,rbf,"{'clf__C': 1000, 'clf__gamma': 0.1, 'clf__kernel': 'rbf'}",0.5987623762376237,0.5721523738037155,0.5929798356982823,0.5707124955245256,0.5836517703160368,0.012399638778718188,29,0.9874220484092591,0.9974302496328928,0.9898865318204243,0.9883264848711244,0.9907663286834252,0.00394711709103933
62,9.853380024433136,4.68932875646766,2.486608922481537,0.8751243549461358,1000.0,0.3,rbf,"{'clf__C': 1000, 'clf__gamma': 0.3, 'clf__kernel': 'rbf'}",0.6400990099009901,0.5171702007881404,0.4144884241971621,0.5119942713927677,0.520937976569765,0.08003912334216079,37,0.9884790191311701,0.9976749877630935,0.9908732116428219,0.9891669779604034,0.9915485491243722,0.0036429118400058335
63,13.153860926628113,5.850815453944507,3.2916862964630127,1.0856380978368407,1000.0,1.0,rbf,"{'clf__C': 1000, 'clf__gamma': 1, 'clf__kernel': 'rbf'}",0.5165841584158416,0.33495965471945954,0.30246452576549665,0.36305048335123524,0.3792647055630083,0.08212907262491434,55,0.9911214459359475,0.9984092021536956,0.9927643479690841,0.9911281285020546,0.9933557811401954,0.0029933905198258415
64,16.37776082754135,6.878142750385815,3.317539155483246,1.2748506521238498,1000.0,3.0,rbf,"{'clf__C': 1000, 'clf__gamma': 3, 'clf__kernel': 'rbf'}",0.5178217821782178,0.33683617939575905,0.3039581777445855,0.3250984604368063,0.37092864993884217,0.08562321423326141,59,0.9927069020188141,0.998898678414097,0.994573260976813,0.9931826671647367,0.9948403771436152,0.0024413561155011585
65,20.300095975399017,5.470423626064318,2.7521265149116516,1.466110217370051,1000.0,10.0,rbf,"{'clf__C': 1000, 'clf__gamma': 10, 'clf__kernel': 'rbf'}",0.5178217821782178,0.33683617939575905,0.3039581777445855,0.3233082706766917,0.3704811024988135,0.08586593084421514,63,0.9948208434626361,0.9992657856093979,0.9957243874362769,0.9946768771012328,0.9961219734023858,0.0018589561743841978
