,mean_fit_time,std_fit_time,mean_score_time,std_score_time,param_clf__max_depth,param_clf__min_samples_split,param_clf__n_estimators,params,split0_test_score,split1_test_score,split2_test_score,split3_test_score,mean_test_score,std_test_score,rank_test_score,split0_train_score,split1_train_score,split2_train_score,split3_train_score,mean_train_score,std_train_score
0,0.03603065013885498,0.007302896216492164,0.0,0.0,2,1,50,"{'clf__max_depth': 2, 'clf__min_samples_split': 1, 'clf__n_estimators': 50}",,,,,,,73,,,,,,
1,0.02315288782119751,0.009219183141917005,0.0,0.0,2,1,100,"{'clf__max_depth': 2, 'clf__min_samples_split': 1, 'clf__n_estimators': 100}",,,,,,,73,,,,,,
2,0.01457446813583374,0.004076599791969752,0.0,0.0,2,1,200,"{'clf__max_depth': 2, 'clf__min_samples_split': 1, 'clf__n_estimators': 200}",,,,,,,73,,,,,,
3,0.00936037302017212,0.0007539868236057379,0.0,0.0,2,1,500,"{'clf__max_depth': 2, 'clf__min_samples_split': 1, 'clf__n_estimators': 500}",,,,,,,73,,,,,,
4,0.008927226066589355,0.001145301479675232,0.0,0.0,2,1,700,"{'clf__max_depth': 2, 'clf__min_samples_split': 1, 'clf__n_estimators': 700}",,,,,,,73,,,,,,
5,0.008460700511932373,0.0012382362656212246,0.0,0.0,2,1,1000,"{'clf__max_depth': 2, 'clf__min_samples_split': 1, 'clf__n_estimators': 1000}",,,,,,,73,,,,,,
6,0.2177334427833557,0.02228807479604573,0.009251117706298828,0.0032149921966449463,2,3,50,"{'clf__max_depth': 2, 'clf__min_samples_split': 3, 'clf__n_estimators': 50}",0.6326732673267327,0.3103771814599362,0.700522778192681,0.623344074471894,0.566729325362811,0.15097263245549203,59,0.7741253567276186,0.7004405286343612,0.7482321986515376,0.7847403810235338,0.7518846162592628,0.03253454364504613
7,0.41832059621810913,0.05609640267750354,0.00867319107055664,0.0027583002712079875,2,3,100,"{'clf__max_depth': 2, 'clf__min_samples_split': 3, 'clf__n_estimators': 100}",0.6482673267326733,0.3083130043160068,0.6908140403286034,0.6222699606158253,0.5674160829982772,0.15158111092663185,57,0.773491174294472,0.7069260890846794,0.7516855780299293,0.7857676503548748,0.7544676229409889,0.03003965894241477
8,0.8484722971916199,0.0943001305663429,0.014031469821929932,0.004513089999764027,2,3,200,"{'clf__max_depth': 2, 'clf__min_samples_split': 3, 'clf__n_estimators': 200}",0.6378712871287129,0.3056858697691875,0.684839432412248,0.6143931256713212,0.5606974287453674,0.14939976955473025,71,0.7744424479441919,0.7098629466470876,0.7540700542673903,0.7853940978707509,0.7559423866823551,0.028881118318255676
9,2.0457382202148438,0.2136912143697431,0.034687042236328125,0.015464058978025094,2,3,500,"{'clf__max_depth': 2, 'clf__min_samples_split': 3, 'clf__n_estimators': 500}",0.6388613861386139,0.3051229123662976,0.6885735623599701,0.6118868600071607,0.5611111802180107,0.15033289420297358,69,0.7744424479441919,0.7113313754282917,0.7543167242229897,0.7870750840493089,0.7567914079111956,0.02872890037657168
10,3.018377900123596,0.35353200077941266,0.04667651653289795,0.013574637851021237,2,3,700,"{'clf__max_depth': 2, 'clf__min_samples_split': 3, 'clf__n_estimators': 700}",0.6425742574257426,0.30531056483392754,0.6938013442867812,0.611170784103115,0.5632142376623915,0.1517935604351366,65,0.7740196596554275,0.7115761135584924,0.7546456174971222,0.7853940978707509,0.7564088721454483,0.028121915193223844
11,4.260540544986725,0.4838124080624101,0.06338727474212646,0.018533371275081128,2,3,1000,"{'clf__max_depth': 2, 'clf__min_samples_split': 3, 'clf__n_estimators': 1000}",0.6361386138613861,0.3054982173015575,0.6945481702763256,0.611170784103115,0.5618389463855961,0.1510599039227624,67,0.7749709333051474,0.7102300538423887,0.7525900345337938,0.7860478147179679,0.7559597090998245,0.029022736010404376
12,0.21619760990142822,0.031929630277559774,0.008806347846984863,0.004491688203569717,2,5,50,"{'clf__max_depth': 2, 'clf__min_samples_split': 5, 'clf__n_estimators': 50}",0.6326732673267327,0.3103771814599362,0.700522778192681,0.623344074471894,0.566729325362811,0.15097263245549203,59,0.7741253567276186,0.7004405286343612,0.7482321986515376,0.7847403810235338,0.7518846162592628,0.03253454364504613
13,0.42860525846481323,0.05328537315262093,0.010661721229553223,0.004005979420036468,2,5,100,"{'clf__max_depth': 2, 'clf__min_samples_split': 5, 'clf__n_estimators': 100}",0.6482673267326733,0.3083130043160068,0.6908140403286034,0.6222699606158253,0.5674160829982772,0.15158111092663185,57,0.773491174294472,0.7069260890846794,0.7516855780299293,0.7857676503548748,0.7544676229409889,0.03003965894241477
14,0.8411417603492737,0.1088960209179689,0.018338918685913086,0.009932086466094349,2,5,200,"{'clf__max_depth': 2, 'clf__min_samples_split': 5, 'clf__n_estimators': 200}",0.6378712871287129,0.3056858697691875,0.684839432412248,0.6143931256713212,0.5606974287453674,0.14939976955473025,71,0.7744424479441919,0.7098629466470876,0.7540700542673903,0.7853940978707509,0.7559423866823551,0.028881118318255676
15,2.1825649738311768,0.25303131369672127,0.03727304935455322,0.013903206033814204,2,5,500,"{'clf__max_depth': 2, 'clf__min_samples_split': 5, 'clf__n_estimators': 500}",0.6388613861386139,0.3051229123662976,0.6885735623599701,0.6118868600071607,0.5611111802180107,0.15033289420297358,69,0.7744424479441919,0.7113313754282917,0.7543167242229897,0.7870750840493089,0.7567914079111956,0.02872890037657168
16,3.1229881644248962,0.41000099307324483,0.04846620559692383,0.007445394124141666,2,5,700,"{'clf__max_depth': 2, 'clf__min_samples_split': 5, 'clf__n_estimators': 700}",0.6425742574257426,0.30531056483392754,0.6938013442867812,0.611170784103115,0.5632142376623915,0.1517935604351366,65,0.7740196596554275,0.7115761135584924,0.7546456174971222,0.7853940978707509,0.7564088721454483,0.028121915193223844
17,4.457116007804871,0.5925985417885724,0.06616055965423584,0.02591591048659723,2,5,1000,"{'clf__max_depth': 2, 'clf__min_samples_split': 5, 'clf__n_estimators': 1000}",0.6361386138613861,0.3054982173015575,0.6945481702763256,0.611170784103115,0.5618389463855961,0.1510599039227624,67,0.7749709333051474,0.7102300538423887,0.7525900345337938,0.7860478147179679,0.7559597090998245,0.029022736010404376
18,0.015852272510528564,0.0024397332331541543,0.0,0.0,3,1,50,"{'clf__max_depth': 3, 'clf__min_samples_split': 1, 'clf__n_estimators': 50}",,,,,,,73,,,,,,
19,0.01297307014465332,0.003014469896665694,0.0,0.0,3,1,100,"{'clf__max_depth': 3, 'clf__min_samples_split': 1, 'clf__n_estimators': 100}",,,,,,,73,,,,,,
20,0.010170459747314453,0.002093836383016066,0.0,0.0,3,1,200,"{'clf__max_depth': 3, 'clf__min_samples_split': 1, 'clf__n_estimators': 200}",,,,,,,73,,,,,,
21,0.008233249187469482,0.000500141103903962,0.0,0.0,3,1,500,"{'clf__max_depth': 3, 'clf__min_samples_split': 1, 'clf__n_estimators': 500}",,,,,,,73,,,,,,
22,0.011009275913238525,0.0012957302295560273,0.0,0.0,3,1,700,"{'clf__max_depth': 3, 'clf__min_samples_split': 1, 'clf__n_estimators': 700}",,,,,,,73,,,,,,
23,0.014051258563995361,0.0013668140536601502,0.0,0.0,3,1,1000,"{'clf__max_depth': 3, 'clf__min_samples_split': 1, 'clf__n_estimators': 1000}",,,,,,,73,,,,,,
24,0.31067055463790894,0.03820101216791206,0.00725400447845459,0.0010749607311198851,3,3,50,"{'clf__max_depth': 3, 'clf__min_samples_split': 3, 'clf__n_estimators': 50}",0.6346534653465347,0.3054982173015575,0.6960418222554144,0.6211958467597566,0.5643473379158158,0.15208633153601586,63,0.7790931191206003,0.7287077826725403,0.7661568820917612,0.7897833395592081,0.7659352808610276,0.023064010599938074
25,0.5993958115577698,0.08275855217127354,0.01288515329360962,0.0029130592785822696,3,3,100,"{'clf__max_depth': 3, 'clf__min_samples_split': 3, 'clf__n_estimators': 100}",0.6334158415841584,0.3096265715894164,0.70201643017177,0.619405656999642,0.5661161250862468,0.15134795177635355,61,0.7784589366874538,0.7288301517376408,0.7733925341226772,0.7926783713111692,0.7683399984647352,0.023881506487973617
26,1.1985309720039368,0.1590741893152116,0.020198285579681396,0.009035058922412138,3,3,200,"{'clf__max_depth': 3, 'clf__min_samples_split': 3, 'clf__n_estimators': 200}",0.6438118811881188,0.3124413586038656,0.7012696041822255,0.6183315431435732,0.5689635967794457,0.15111915669481354,55,0.7779304513264983,0.7295643661282428,0.7750370004933399,0.7976279417258125,0.7700399399184734,0.0249329134982216
27,3.1443422436714172,0.4653966436520809,0.046570003032684326,0.011832973497335213,3,3,500,"{'clf__max_depth': 3, 'clf__min_samples_split': 3, 'clf__n_estimators': 500}",0.6485148514851485,0.3118784012009758,0.70201643017177,0.6215538847117794,0.5709908918924185,0.15237581424516058,51,0.777613360109925,0.7284630445423397,0.7758592336786713,0.7979081060889055,0.7699609361049604,0.025477778659423744
28,4.361170709133148,0.6343024242883137,0.056492745876312256,0.0174892217413255,3,3,700,"{'clf__max_depth': 3, 'clf__min_samples_split': 3, 'clf__n_estimators': 700}",0.6514851485148515,0.3115030962657159,0.700522778192681,0.6201217329036878,0.570908188969234,0.152484067344992,54,0.7772962688933517,0.7283406754772394,0.7748725538562736,0.7972543892416885,0.7694409718671382,0.02526869764977612
29,6.320473551750183,0.7951254973169732,0.08137762546539307,0.016659147820600843,3,3,1000,"{'clf__max_depth': 3, 'clf__min_samples_split': 3, 'clf__n_estimators': 1000}",0.6554455445544555,0.3115030962657159,0.7035100821508589,0.6204797708557107,0.5727346234566852,0.1536756543537345,49,0.7780361483986894,0.728218306412139,0.775694787041605,0.7982816585730295,0.7700577251063656,0.02570291366019952
30,0.31547993421554565,0.030537868214026712,0.00959688425064087,0.0018679115146663019,3,5,50,"{'clf__max_depth': 3, 'clf__min_samples_split': 5, 'clf__n_estimators': 50}",0.6346534653465347,0.3054982173015575,0.6960418222554144,0.6211958467597566,0.5643473379158158,0.15208633153601586,63,0.7790931191206003,0.7287077826725403,0.7661568820917612,0.7897833395592081,0.7659352808610276,0.023064010599938074
31,0.6062660217285156,0.06165463445290855,0.016030490398406982,0.004138082836247082,3,5,100,"{'clf__max_depth': 3, 'clf__min_samples_split': 5, 'clf__n_estimators': 100}",0.6334158415841584,0.3096265715894164,0.70201643017177,0.619405656999642,0.5661161250862468,0.15134795177635355,61,0.7784589366874538,0.7288301517376408,0.7733925341226772,0.7926783713111692,0.7683399984647352,0.023881506487973617
32,1.2334762811660767,0.165507028718809,0.022675514221191406,0.008988727898357548,3,5,200,"{'clf__max_depth': 3, 'clf__min_samples_split': 5, 'clf__n_estimators': 200}",0.6438118811881188,0.3124413586038656,0.7012696041822255,0.6183315431435732,0.5689635967794457,0.15111915669481354,55,0.7779304513264983,0.7295643661282428,0.7750370004933399,0.7976279417258125,0.7700399399184734,0.0249329134982216
33,3.1143879890441895,0.3671581771371886,0.04213583469390869,0.015536133114562787,3,5,500,"{'clf__max_depth': 3, 'clf__min_samples_split': 5, 'clf__n_estimators': 500}",0.6485148514851485,0.31169074873334585,0.70201643017177,0.6215538847117794,0.570943978775511,0.15245558998781678,53,0.777613360109925,0.7284630445423397,0.7758592336786713,0.7979081060889055,0.7699609361049604,0.025477778659423744
34,4.507395267486572,0.5359888034439358,0.058224260807037354,0.017899210511172856,3,5,700,"{'clf__max_depth': 3, 'clf__min_samples_split': 5, 'clf__n_estimators': 700}",0.6514851485148515,0.31169074873334585,0.700522778192681,0.6201217329036878,0.5709551020861415,0.1524042597623599,52,0.7772962688933517,0.7284630445423397,0.7748725538562736,0.7972543892416885,0.7694715641334133,0.025218944984946926
35,6.327112197875977,0.7287523015369651,0.087982177734375,0.036349905572424325,3,5,1000,"{'clf__max_depth': 3, 'clf__min_samples_split': 5, 'clf__n_estimators': 1000}",0.6554455445544555,0.3115030962657159,0.7035100821508589,0.6204797708557107,0.5727346234566852,0.1536756543537345,49,0.7780361483986894,0.7280959373470387,0.775694787041605,0.7982816585730295,0.7700271328400907,0.025752718372220734
36,0.014561772346496582,0.0014528408990270752,0.0,0.0,5,1,50,"{'clf__max_depth': 5, 'clf__min_samples_split': 1, 'clf__n_estimators': 50}",,,,,,,73,,,,,,
37,0.013266265392303467,0.001747964250717956,0.0,0.0,5,1,100,"{'clf__max_depth': 5, 'clf__min_samples_split': 1, 'clf__n_estimators': 100}",,,,,,,73,,,,,,
38,0.013822495937347412,0.0013616895381755119,0.0,0.0,5,1,200,"{'clf__max_depth': 5, 'clf__min_samples_split': 1, 'clf__n_estimators': 200}",,,,,,,73,,,,,,
39,0.014126002788543701,0.004299714023321052,0.0,0.0,5,1,500,"{'clf__max_depth': 5, 'clf__min_samples_split': 1, 'clf__n_estimators': 500}",,,,,,,73,,,,,,
40,0.010949432849884033,0.0011516268483580086,0.0,0.0,5,1,700,"{'clf__max_depth': 5, 'clf__min_samples_split': 1, 'clf__n_estimators': 700}",,,,,,,73,,,,,,
41,0.013995051383972168,0.0036444776983402915,0.0,0.0,5,1,1000,"{'clf__max_depth': 5, 'clf__min_samples_split': 1, 'clf__n_estimators': 1000}",,,,,,,73,,,,,,
42,0.46991097927093506,0.03958737742784073,0.010583221912384033,0.0033197058114141503,5,3,50,"{'clf__max_depth': 5, 'clf__min_samples_split': 3, 'clf__n_estimators': 50}",0.6774752475247525,0.6470257083880653,0.7206870799103808,0.6348012889366272,0.6699973311899565,0.033135429311012696,37,0.7949476799492654,0.759667156142927,0.7885216247327742,0.8123832648487113,0.7888799314184194,0.018991701329438972
43,0.9228171110153198,0.11485681412311134,0.014889001846313477,0.0030169419500261276,5,3,100,"{'clf__max_depth': 5, 'clf__min_samples_split': 3, 'clf__n_estimators': 100}",0.6816831683168317,0.610996434603115,0.7162061239731142,0.6340852130325815,0.6607427349814107,0.040926785680346814,40,0.7951590740936476,0.7611355849241311,0.7898371978293044,0.8129435935748973,0.7897688626054952,0.018614455376615845
44,1.8628783226013184,0.23018930956912828,0.027726709842681885,0.010787119862771895,5,3,200,"{'clf__max_depth': 5, 'clf__min_samples_split': 3, 'clf__n_estimators': 200}",0.6861386138613862,0.6192531431788328,0.7117251680358476,0.6283566058002148,0.6613683827190704,0.038771255445096235,39,0.79346792093859,0.7604013705335291,0.7890971879625062,0.8129435935748973,0.7889775182523806,0.01878261844058228
45,4.932978570461273,0.6669735607959694,0.06069296598434448,0.02850765769557657,5,3,500,"{'clf__max_depth': 5, 'clf__min_samples_split': 3, 'clf__n_estimators': 500}",0.6792079207920793,0.6143741790204541,0.7079910380881255,0.6312209094163982,0.6581985118292643,0.03731304769879507,41,0.7941021033717366,0.7605237395986295,0.7887682946883736,0.8116361598804632,0.7887575743848007,0.018365342401057055
46,6.979669570922852,0.7417603288105636,0.07661539316177368,0.022747946943667996,5,3,700,"{'clf__max_depth': 5, 'clf__min_samples_split': 3, 'clf__n_estimators': 700}",0.6816831683168317,0.5944830174516795,0.7117251680358476,0.6287146437522377,0.6541514993891491,0.04549747651463366,43,0.7937850121551633,0.7605237395986295,0.7876171682289097,0.8119163242435562,0.7884605610565646,0.018437054474751934
47,9.517947137355804,0.9915679940645641,0.11539781093597412,0.04817375731820616,5,3,1000,"{'clf__max_depth': 5, 'clf__min_samples_split': 3, 'clf__n_estimators': 1000}",0.6787128712871288,0.5897917057609308,0.7087378640776699,0.6301467955603294,0.6518473091715148,0.04549753804042339,45,0.7937850121551633,0.7608908467939305,0.7880282848215754,0.8121964886066493,0.7887251580943295,0.018383008438917776
48,0.4740312695503235,0.04613593614680704,0.009518742561340332,0.0028108144474012385,5,5,50,"{'clf__max_depth': 5, 'clf__min_samples_split': 5, 'clf__n_estimators': 50}",0.6797029702970298,0.6151247888909739,0.719193427931292,0.6365914786967418,0.6626531664540094,0.040080092382430745,38,0.7949476799492654,0.7599118942731278,0.7875349449103766,0.8121964886066493,0.7886477519348547,0.018849535450860835
49,0.9615747928619385,0.13609762021259272,0.01810675859451294,0.005985453739236377,5,5,100,"{'clf__max_depth': 5, 'clf__min_samples_split': 5, 'clf__n_estimators': 100}",0.6784653465346535,0.581534997185213,0.7124719940253921,0.6337271750805585,0.6515498782064543,0.04913165716296052,46,0.7952647711658387,0.7602790014684288,0.7887682946883736,0.8123832648487113,0.7891738330428382,0.01878066162998607
50,1.8485485315322876,0.20136591712765506,0.02342754602432251,0.009051784541540646,5,5,200,"{'clf__max_depth': 5, 'clf__min_samples_split': 5, 'clf__n_estimators': 200}",0.6804455445544555,0.5837868267967724,0.7117251680358476,0.6365914786967418,0.6531372545209543,0.04811842380454318,44,0.7931508297220167,0.7602790014684288,0.7876171682289097,0.8130369816959283,0.7885209952788208,0.018847387582219297
51,4.711071252822876,0.5026089403535147,0.06415516138076782,0.011391265847455888,5,5,500,"{'clf__max_depth': 5, 'clf__min_samples_split': 5, 'clf__n_estimators': 500}",0.6787128712871288,0.59260649277538,0.7102315160567588,0.6380236305048335,0.6548936276560253,0.044141596695551295,42,0.7937850121551633,0.7612579539892316,0.789014964643973,0.8120097123645872,0.7890169107882388,0.018179407315223613
52,6.615079581737518,0.7876793997916505,0.08003616333007812,0.03630525232040889,5,5,700,"{'clf__max_depth': 5, 'clf__min_samples_split': 5, 'clf__n_estimators': 700}",0.6804455445544555,0.5348095327453556,0.7102315160567588,0.6348012889366272,0.6400719705732993,0.06644612140835307,48,0.79346792093859,0.7612579539892316,0.7878638381845091,0.8121031004856182,0.7886732033994872,0.01819478198566973
53,9.789243638515472,1.282072654483036,0.11892819404602051,0.03348698772012467,5,5,1000,"{'clf__max_depth': 5, 'clf__min_samples_split': 5, 'clf__n_estimators': 1000}",0.6797029702970298,0.5762807280915744,0.7087378640776699,0.6348012889366272,0.6498807128507254,0.04999469489824248,47,0.7935736180107811,0.7613803230543319,0.7879460615030422,0.8121031004856182,0.7887507757634433,0.018154752296679805
54,0.012773394584655762,0.001787414614518886,0.0,0.0,7,1,50,"{'clf__max_depth': 7, 'clf__min_samples_split': 1, 'clf__n_estimators': 50}",,,,,,,73,,,,,,
55,0.012010395526885986,0.0006795513892349883,0.0,0.0,7,1,100,"{'clf__max_depth': 7, 'clf__min_samples_split': 1, 'clf__n_estimators': 100}",,,,,,,73,,,,,,
56,0.014362871646881104,0.0006790053009586456,0.0,0.0,7,1,200,"{'clf__max_depth': 7, 'clf__min_samples_split': 1, 'clf__n_estimators': 200}",,,,,,,73,,,,,,
57,0.012439489364624023,0.002907292508868737,0.0,0.0,7,1,500,"{'clf__max_depth': 7, 'clf__min_samples_split': 1, 'clf__n_estimators': 500}",,,,,,,73,,,,,,
58,0.015293717384338379,0.0031109232359571655,0.0,0.0,7,1,700,"{'clf__max_depth': 7, 'clf__min_samples_split': 1, 'clf__n_estimators': 700}",,,,,,,73,,,,,,
59,0.013984262943267822,0.001448360827124943,0.0,0.0,7,1,1000,"{'clf__max_depth': 7, 'clf__min_samples_split': 1, 'clf__n_estimators': 1000}",,,,,,,73,,,,,,
60,0.6504551768302917,0.054357706165911755,0.01185542345046997,0.00604222359317627,7,3,50,"{'clf__max_depth': 7, 'clf__min_samples_split': 3, 'clf__n_estimators': 50}",0.6844059405940595,0.7234002627134547,0.7318894697535474,0.636233440744719,0.6939822784514451,0.03784510355941246,26,0.8190466124088362,0.7848751835535976,0.8081729978621938,0.8389988793425476,0.8127734182917938,0.01953588455503919
61,1.2648027539253235,0.15645285262463013,0.01901078224182129,0.006324142377670349,7,3,100,"{'clf__max_depth': 7, 'clf__min_samples_split': 3, 'clf__n_estimators': 100}",0.6806930693069307,0.7023831863389004,0.7356235997012696,0.6548514142499104,0.6933878173992527,0.029626799379277736,27,0.8162984885318677,0.7857317670093,0.8082552211807269,0.8389988793425476,0.8123210890161106,0.01904630889205273
62,2.5614909529685974,0.30802545241090756,0.0319485068321228,0.009178460144800152,7,3,200,"{'clf__max_depth': 7, 'clf__min_samples_split': 3, 'clf__n_estimators': 200}",0.682920792079208,0.7025708388065303,0.7274085138162808,0.6523451485857501,0.6913113233219423,0.02747065542828839,30,0.8156643060987211,0.7857317670093,0.8085841144548594,0.8383451624953306,0.8120813375145528,0.01876936734040738
63,6.696838319301605,0.7904999626553673,0.09291160106658936,0.04473228614838034,7,3,500,"{'clf__max_depth': 7, 'clf__min_samples_split': 3, 'clf__n_estimators': 500}",0.6831683168316832,0.6811784574967161,0.7251680358476476,0.664876476906552,0.6885978217706498,0.022274476704910978,36,0.814501638304619,0.7862212432697014,0.8092419010031244,0.8383451624953306,0.8120774862681939,0.01852331755694669
64,9.40659785270691,1.1796978484886407,0.10737848281860352,0.042353971330694504,7,3,700,"{'clf__max_depth': 7, 'clf__min_samples_split': 3, 'clf__n_estimators': 700}",0.6836633663366337,0.6828673297053857,0.7244212098581031,0.6716791979949874,0.6906577759737775,0.020060961523510727,33,0.814501638304619,0.7856093979441997,0.808913007728992,0.8383451624953306,0.8118423016182854,0.018749798026532215
65,13.174310028553009,1.5569604969924715,0.15061312913894653,0.05488554294705602,7,3,1000,"{'clf__max_depth': 7, 'clf__min_samples_split': 3, 'clf__n_estimators': 1000}",0.683910891089109,0.6838055920435354,0.7259148618371919,0.6638023630504833,0.6893584270050799,0.022638434995333846,35,0.8152415178099567,0.7856093979441997,0.8098174642328564,0.8382517743742995,0.812230038590328,0.018712821565317908
66,0.6636258363723755,0.08419463975939127,0.013516664505004883,0.006422660029138443,7,5,50,"{'clf__max_depth': 7, 'clf__min_samples_split': 5, 'clf__n_estimators': 50}",0.6898514851485148,0.7386001125914806,0.7229275578790142,0.6333691371285356,0.6961870731868863,0.040311760689433394,24,0.8173554592537786,0.780714635340186,0.8097352409143233,0.8400261486738887,0.8119578710455441,0.02120166284474094
67,1.4253814220428467,0.22457450900107534,0.019237041473388672,0.006808678321877636,7,5,100,"{'clf__max_depth': 7, 'clf__min_samples_split': 5, 'clf__n_estimators': 100}",0.6811881188118812,0.7048226684180897,0.7318894697535474,0.6466165413533834,0.6911291995842255,0.031341316750729174,32,0.8147130324490012,0.7827949094468918,0.8081729978621938,0.8384385506163616,0.811029872593612,0.01981272428644515
68,2.6945080161094666,0.29343651580620095,0.03531301021575928,0.013806102956000203,7,5,200,"{'clf__max_depth': 7, 'clf__min_samples_split': 5, 'clf__n_estimators': 200}",0.6861386138613862,0.7190842559579659,0.7274085138162808,0.6491228070175439,0.6954385476632943,0.030874078354114855,25,0.8146073353768101,0.7834067547723935,0.8075152113139287,0.8379716100112066,0.8108752278685847,0.01945475055838349
69,6.5707544684410095,0.780322902948718,0.07457327842712402,0.02721489278195267,7,5,500,"{'clf__max_depth': 7, 'clf__min_samples_split': 5, 'clf__n_estimators': 500}",0.6846534653465347,0.6960030024394821,0.7274085138162808,0.6584317937701396,0.6916241938431092,0.024748828250257753,29,0.8153472148821478,0.7838962310327949,0.8074329879953955,0.8378782218901756,0.8111386639501285,0.019291177033254354
70,9.18245244026184,1.1107661551429318,0.11029773950576782,0.04214775233543806,7,5,700,"{'clf__max_depth': 7, 'clf__min_samples_split': 5, 'clf__n_estimators': 700}",0.6851485148514852,0.6871833364608745,0.7289021657953697,0.6638023630504833,0.6912590950395532,0.02358401951361081,31,0.8148187295211923,0.7840186000978953,0.8088307844104589,0.8375046694060515,0.8112931958588995,0.019035741233168535
71,13.276086330413818,1.4656833196043553,0.1457536816596985,0.06288601766049397,7,5,1000,"{'clf__max_depth': 7, 'clf__min_samples_split': 5, 'clf__n_estimators': 1000}",0.6846534653465347,0.6879339463313943,0.7274085138162808,0.6598639455782312,0.6899649677681102,0.024188983978186532,34,0.814501638304619,0.7838962310327949,0.8094885709587238,0.8381583862532686,0.8115112066373515,0.019272342850366254
72,0.012759506702423096,0.0032900813829095594,0.0,0.0,10,1,50,"{'clf__max_depth': 10, 'clf__min_samples_split': 1, 'clf__n_estimators': 50}",,,,,,,73,,,,,,
73,0.01323556900024414,0.003372972020389352,0.0,0.0,10,1,100,"{'clf__max_depth': 10, 'clf__min_samples_split': 1, 'clf__n_estimators': 100}",,,,,,,73,,,,,,
74,0.013712763786315918,0.0012155771489305634,0.0,0.0,10,1,200,"{'clf__max_depth': 10, 'clf__min_samples_split': 1, 'clf__n_estimators': 200}",,,,,,,73,,,,,,
75,0.010389745235443115,0.0023673824848467174,0.0,0.0,10,1,500,"{'clf__max_depth': 10, 'clf__min_samples_split': 1, 'clf__n_estimators': 500}",,,,,,,73,,,,,,
76,0.014220893383026123,0.002707755120228165,0.0,0.0,10,1,700,"{'clf__max_depth': 10, 'clf__min_samples_split': 1, 'clf__n_estimators': 700}",,,,,,,73,,,,,,
77,0.012507021427154541,0.0006703567829269034,0.0,0.0,10,1,1000,"{'clf__max_depth': 10, 'clf__min_samples_split': 1, 'clf__n_estimators': 1000}",,,,,,,73,,,,,,
78,1.00888991355896,0.17859367257155773,0.01727008819580078,0.01046504014179995,10,3,50,"{'clf__max_depth': 10, 'clf__min_samples_split': 3, 'clf__n_estimators': 50}",0.6762376237623763,0.7057609307562395,0.7401045556385362,0.6702470461868958,0.698087539086012,0.02773455635220977,23,0.866187506606067,0.8474057758198728,0.8509291234994244,0.8872805379155771,0.8629507359602353,0.01572085318393422
79,1.7546281218528748,0.16597941335157898,0.025610268115997314,0.011632050244237534,10,3,100,"{'clf__max_depth': 10, 'clf__min_samples_split': 3, 'clf__n_estimators': 100}",0.6873762376237624,0.7234002627134547,0.7401045556385362,0.6680988184747583,0.7047449686126279,0.028473380238048577,16,0.868195750977698,0.8475281448849731,0.8509291234994244,0.8868135973104221,0.8633666541681294,0.015641530169405563
80,3.4437260031700134,0.4815793914677189,0.03973567485809326,0.014511201793338799,10,3,200,"{'clf__max_depth': 10, 'clf__min_samples_split': 3, 'clf__n_estimators': 200}",0.6878712871287128,0.7301557515481328,0.7438386855862584,0.66953097028285,0.7078491736364886,0.030249913413426692,13,0.8660818095338759,0.8491189427312775,0.8514224634106232,0.8859731042211431,0.86314907997423,0.014696047704907221
81,8.64262068271637,1.0491874370634287,0.09539830684661865,0.03563719832485638,10,3,500,"{'clf__max_depth': 10, 'clf__min_samples_split': 3, 'clf__n_estimators': 500}",0.6903465346534653,0.7273409645336836,0.7408513816280806,0.6766917293233082,0.7088076525346345,0.026184583369830865,10,0.8667159919670225,0.8488742046010769,0.851915803321822,0.884572282405678,0.8630195705738998,0.014155987638739813
82,11.896614253520966,1.4482427818745274,0.15835142135620117,0.08554385595800067,10,3,700,"{'clf__max_depth': 10, 'clf__min_samples_split': 3, 'clf__n_estimators': 700}",0.6878712871287128,0.7254644398573841,0.7445855115758029,0.6770497672753312,0.7087427514593078,0.027406119688128328,11,0.866187506606067,0.8488742046010769,0.8520802499588883,0.884572282405678,0.8629285608929275,0.014091506209260987
83,16.920020699501038,2.1399630157539082,0.1887403130531311,0.06952891534846226,10,3,1000,"{'clf__max_depth': 10, 'clf__min_samples_split': 3, 'clf__n_estimators': 1000}",0.69009900990099,0.7249014824544943,0.7438386855862584,0.6766917293233082,0.7088827268162627,0.02677502533365523,9,0.8668216890392136,0.8480176211453745,0.8523269199144877,0.884572282405678,0.8629346281261885,0.014303302905539992
84,0.8728185296058655,0.13753606587524245,0.012442708015441895,0.004020508524820436,10,5,50,"{'clf__max_depth': 10, 'clf__min_samples_split': 5, 'clf__n_estimators': 50}",0.6851485148514852,0.7226496528429349,0.7244212098581031,0.6698890082348729,0.7005270964468491,0.023640692557420823,21,0.8633336856569073,0.8443465491923642,0.8502713369511593,0.8828912962271199,0.8602107170068877,0.014787027281487395
85,1.6694324612617493,0.1968025133063732,0.024899959564208984,0.010602530376505598,10,5,100,"{'clf__max_depth': 10, 'clf__min_samples_split': 5, 'clf__n_estimators': 100}",0.6965346534653465,0.7337211484331019,0.7289021657953697,0.6595059076262084,0.7046659688300065,0.029736955638575188,18,0.8629108973681429,0.8445912873225648,0.8502713369511593,0.8839185655584609,0.860423021800082,0.015099094535621216
86,3.37062269449234,0.4202658186981158,0.03879547119140625,0.014030140342477673,10,5,200,"{'clf__max_depth': 10, 'clf__min_samples_split': 5, 'clf__n_estimators': 200}",0.6928217821782178,0.7389754175267405,0.7341299477221808,0.6702470461868958,0.7090435484035087,0.028694766525003235,8,0.8631222915125251,0.846793930494371,0.8499424436770268,0.8822375793799029,0.8605240612659564,0.013952730835772321
87,8.416386306285858,1.081121674774655,0.10136950016021729,0.04384368351584913,10,5,500,"{'clf__max_depth': 10, 'clf__min_samples_split': 5, 'clf__n_estimators': 500}",0.6868811881188119,0.726215049727904,0.7356235997012696,0.6759756534192625,0.706173872741812,0.025263982876764554,14,0.863016594440334,0.8458149779735683,0.8502713369511593,0.8822375793799029,0.8603351221862412,0.014133491127321676
88,12.066228985786438,1.666742554779521,0.13748979568481445,0.05284618169938682,10,5,700,"{'clf__max_depth': 10, 'clf__min_samples_split': 5, 'clf__n_estimators': 700}",0.6878712871287128,0.7170200788140364,0.7378640776699029,0.6763336913712854,0.7047722837459844,0.024184047076758072,15,0.8637564739456717,0.8455702398433675,0.8496957737214273,0.8817706387747478,0.8601982815713036,0.014162535121024002
89,17.320257782936096,2.0143489548858327,0.18144023418426514,0.07004098281137937,10,5,1000,"{'clf__max_depth': 10, 'clf__min_samples_split': 5, 'clf__n_estimators': 1000}",0.6883663366336633,0.7188966034903359,0.7348767737117252,0.6766917293233082,0.7047078607897582,0.023256358057561734,17,0.8634393827290984,0.8448360254527656,0.848215753987831,0.8813970862906239,0.8594720621150796,0.014468624328083
90,0.01135861873626709,0.002740205067437684,0.0,0.0,15,1,50,"{'clf__max_depth': 15, 'clf__min_samples_split': 1, 'clf__n_estimators': 50}",,,,,,,73,,,,,,
91,0.012391984462738037,0.0009855819965012484,0.0,0.0,15,1,100,"{'clf__max_depth': 15, 'clf__min_samples_split': 1, 'clf__n_estimators': 100}",,,,,,,73,,,,,,
92,0.013763070106506348,0.002864991071259677,0.0,0.0,15,1,200,"{'clf__max_depth': 15, 'clf__min_samples_split': 1, 'clf__n_estimators': 200}",,,,,,,73,,,,,,
93,0.01169443130493164,0.0016677413266211378,0.0,0.0,15,1,500,"{'clf__max_depth': 15, 'clf__min_samples_split': 1, 'clf__n_estimators': 500}",,,,,,,73,,,,,,
94,0.012138664722442627,0.002461527009489962,0.0,0.0,15,1,700,"{'clf__max_depth': 15, 'clf__min_samples_split': 1, 'clf__n_estimators': 700}",,,,,,,73,,,,,,
95,0.012686729431152344,0.0029346075524752943,0.0,0.0,15,1,1000,"{'clf__max_depth': 15, 'clf__min_samples_split': 1, 'clf__n_estimators': 1000}",,,,,,,73,,,,,,
96,1.232269287109375,0.23678077962057487,0.01667153835296631,0.006486831054617864,15,3,50,"{'clf__max_depth': 15, 'clf__min_samples_split': 3, 'clf__n_estimators': 50}",0.6638613861386139,0.7243385250516045,0.7535474234503361,0.656999641962048,0.6996867441506506,0.04066425963350067,22,0.9403868512842194,0.9306167400881057,0.9201611577043249,0.9494770265222263,0.935160443899719,0.010930504366620589
97,2.3827208876609802,0.23904834518059637,0.034676313400268555,0.01723049780845951,15,3,100,"{'clf__max_depth': 15, 'clf__min_samples_split': 3, 'clf__n_estimators': 100}",0.6861386138613862,0.7203978232313755,0.7415982076176251,0.6659505907626209,0.7035213088682519,0.0293614709274469,19,0.9418666102948948,0.9322075379344101,0.9234500904456504,0.9513447889428465,0.9372172569044505,0.010438340444105963
98,4.581815540790558,0.5094096880210056,0.05444920063018799,0.026964928968891744,15,3,200,"{'clf__max_depth': 15, 'clf__min_samples_split': 3, 'clf__n_estimators': 200}",0.6853960396039604,0.7391630699943704,0.7513069454817027,0.6731113498030791,0.7122443512207781,0.03355118227215233,6,0.9402811542120283,0.9350220264317181,0.9232856438085841,0.9511580127007845,0.9374367092882787,0.0100305580823135
99,11.149370610713959,1.3939404405293323,0.1233590841293335,0.045435399582558524,15,3,500,"{'clf__max_depth': 15, 'clf__min_samples_split': 3, 'clf__n_estimators': 500}",0.6896039603960396,0.7294051416776131,0.7550410754294249,0.6759756534192625,0.712506457730585,0.03143955816212678,4,0.9407039425007927,0.9357562408223201,0.9227923038973853,0.9493836384011953,0.9371590314054234,0.009622604787496599
100,15.62270212173462,2.164912957290881,0.1879217028617859,0.05897933028919671,15,3,700,"{'clf__max_depth': 15, 'clf__min_samples_split': 3, 'clf__n_estimators': 700}",0.6908415841584158,0.7327828860949521,0.7557879014189693,0.6766917293233082,0.7140260252489115,0.03173027769725692,2,0.9403868512842194,0.9358786098874204,0.9220522940305871,0.9491034740381024,0.9368553073100823,0.009779730710083326
101,23.186991095542908,3.1372829559041477,0.28525030612945557,0.1099812159444643,15,3,1000,"{'clf__max_depth': 15, 'clf__min_samples_split': 3, 'clf__n_estimators': 1000}",0.6962871287128712,0.7324075811596923,0.7565347274085138,0.6766917293233082,0.7154802916510964,0.031003749355915405,1,0.9402811542120283,0.9363680861478219,0.9216411774379214,0.9494770265222263,0.9369418610799995,0.010033959697863101
102,1.0875738859176636,0.13846201711496153,0.01675546169281006,0.00529366758589354,15,5,50,"{'clf__max_depth': 15, 'clf__min_samples_split': 5, 'clf__n_estimators': 50}",0.6804455445544555,0.7121411146556578,0.7266616878267363,0.6537773003938417,0.6932564118576728,0.028263328826289,28,0.9267519289715674,0.9230298580518845,0.9116099325768788,0.941072095629436,0.9256159538074417,0.010524249160427058
103,2.2807862162590027,0.2928711516538096,0.030568599700927734,0.01106867310395006,15,5,100,"{'clf__max_depth': 15, 'clf__min_samples_split': 5, 'clf__n_estimators': 100}",0.697029702970297,0.7230249577781948,0.736370425690814,0.6512710347296814,0.7019240302922468,0.03248647293919933,20,0.9296057499207272,0.9235193343122858,0.9139944088143398,0.9412588718714979,0.9270945912297127,0.009891031359423083
104,4.672978043556213,0.7478696311569742,0.05601298809051514,0.019358374438724544,15,5,200,"{'clf__max_depth': 15, 'clf__min_samples_split': 5, 'clf__n_estimators': 200}",0.6918316831683168,0.7305310564833928,0.7423450336071695,0.6688148943788041,0.7083806669094208,0.029510748814057963,12,0.9300285382094916,0.9237640724424866,0.9133366222660747,0.9421927530818079,0.9273304964999652,0.010448851568504773
105,11.93137663602829,1.5551047372574351,0.13005703687667847,0.05136134777137498,15,5,500,"{'clf__max_depth': 15, 'clf__min_samples_split': 5, 'clf__n_estimators': 500}",0.6972772277227722,0.7282792268718333,0.748319641523525,0.6741854636591479,0.7120153899443197,0.028420185708142247,7,0.9308741147870204,0.925721977484092,0.9146521953626048,0.942005976839746,0.9283135661183658,0.009841086111593258
106,15.542440056800842,1.3870911605053222,0.16091841459274292,0.06380237787585054,15,5,700,"{'clf__max_depth': 15, 'clf__min_samples_split': 5, 'clf__n_estimators': 700}",0.6938118811881188,0.7294051416776131,0.7513069454817027,0.6745435016111708,0.7122668674896513,0.029922763008948028,5,0.9314026001479759,0.92498776309349,0.9138299621772735,0.941725812476653,0.9279865344738482,0.010122233371496018
107,19.338873386383057,1.5634383216975198,0.1784571409225464,0.07253686571759672,15,5,1000,"{'clf__max_depth': 15, 'clf__min_samples_split': 5, 'clf__n_estimators': 1000}",0.691089108910891,0.729592794145243,0.7550410754294249,0.6763336913712854,0.713014167464211,0.03109371871743464,3,0.9305570235704471,0.9243759177679882,0.914816641999671,0.942286141202839,0.9280089311352364,0.009969538368648168
